Sub-Sample No.,Gas Sample No.,Significant Measure,CPU Time,Date/Time (EST),Fluid Temp (C),Fluid pH,Gas Temp (C),Gas RH%,Gas Pressure (hPa),Gas MQ4 (Volts/5.0),Gas MQ135 (Volts/5.0),Dry fail
1,0,,4920,2021/2/18 15:59:9,-127.00,3.83,67.07,0.00,1016.19,1.9746,3.1525,ok,
2,0,,62301,2021/2/18 16:0:9,28.00,3.82,67.16,0.00,1016.20,1.7937,3.2454,ok,
3,1,***YES***,122005,2021/2/18 16:1:9,28.00,3.82,67.18,0.00,1016.33,1.7986,3.2893,ok,
4,1,,181704,2021/2/18 16:2:9,28.00,3.82,67.29,0.00,1016.47,1.8035,3.3236,ok,
5,1,,241403,2021/2/18 16:3:9,28.00,3.81,67.42,0.00,1016.44,1.8133,3.3382,ok,
6,1,,303398,2021/2/18 16:4:11,28.00,3.81,67.48,0.00,1016.00,1.8133,3.3333,ok,
7,1,,365402,2021/2/18 16:5:13,28.06,3.82,67.45,0.00,1015.55,1.8133,3.3236,ok,
8,1,,427393,2021/2/18 16:6:15,28.06,3.81,67.40,0.00,1015.24,1.8133,3.3040,ok,
9,1,,487092,2021/2/18 16:7:15,28.06,3.81,67.33,0.00,1014.95,1.8133,3.2845,ok,
10,1,,549092,2021/2/18 16:8:17,28.06,3.83,67.23,0.00,1014.40,1.8133,3.2649,ok,
11,1,,611089,2021/2/18 16:9:19,28.06,3.83,67.05,0.00,1013.79,1.8084,3.2454,ok,
12,1,,670795,2021/2/18 16:10:19,28.06,3.83,66.89,0.00,1013.76,1.8084,3.2258,ok,
13,1,,732797,2021/2/18 16:11:21,28.06,3.83,66.83,0.00,1013.90,1.8084,3.2063,ok,
14,1,,794795,2021/2/18 16:12:23,28.06,3.83,66.80,0.00,1014.06,1.8035,3.1916,ok,
15,1,,856791,2021/2/18 16:13:25,28.06,3.84,66.84,0.00,1014.44,1.8035,3.1769,ok,
16,1,,916492,2021/2/18 16:14:25,28.06,3.84,66.90,0.00,1014.69,1.8035,3.1672,ok,
17,1,,978488,2021/2/18 16:15:27,28.06,3.84,66.96,0.00,1015.01,1.8035,3.1574,ok,
18,1,,1040490,2021/2/18 16:16:29,28.06,3.84,67.08,0.00,1015.44,1.8035,3.1476,ok,
19,1,,1100191,2021/2/18 16:17:29,28.06,3.84,67.18,0.00,1015.53,1.8035,3.1378,ok,
20,1,,1162188,2021/2/18 16:18:31,28.06,3.84,67.24,0.00,1015.71,1.8035,3.1281,ok,
21,1,,1224181,2021/2/18 16:19:33,28.06,3.84,67.26,0.00,1015.66,1.8035,3.1232,ok,
22,1,,1286177,2021/2/18 16:20:35,28.06,3.84,67.33,0.00,1016.27,1.8035,3.1183,ok,
23,1,,1345876,2021/2/18 16:21:35,28.06,3.84,67.54,0.00,1016.93,1.8084,3.1134,ok,
24,1,,1407878,2021/2/18 16:22:37,28.06,3.84,67.80,0.00,1017.45,1.8084,3.1134,ok,
25,1,,1469873,2021/2/18 16:23:39,28.12,3.84,68.09,0.00,1017.87,1.8084,3.1134,ok,
26,1,,1531864,2021/2/18 16:24:41,28.12,3.84,68.38,0.00,1018.37,1.8133,3.1134,ok,
27,1,,1591566,2021/2/18 16:25:41,28.12,3.84,68.70,0.00,1018.74,1.8133,3.1183,ok,
28,1,,1653563,2021/2/18 16:26:43,28.12,3.84,68.98,0.00,1018.88,1.8133,3.1183,ok,
29,1,,1715558,2021/2/18 16:27:45,28.12,3.84,69.20,0.00,1018.80,1.8133,3.1232,ok,
30,1,,1775261,2021/2/18 16:28:45,28.12,3.84,69.39,0.00,1018.65,1.8133,3.1232,ok,
31,1,,1837267,2021/2/18 16:29:47,28.12,3.84,69.55,0.00,1018.54,1.8133,3.1232,ok,
32,1,,1899265,2021/2/18 16:30:49,28.12,3.84,69.73,0.00,1018.59,1.8133,3.1281,ok,
33,1,,1961261,2021/2/18 16:31:51,28.12,3.84,69.92,0.00,1018.71,1.8182,3.1281,ok,
34,1,,2020963,2021/2/18 16:32:51,28.12,3.84,70.09,0.00,1018.67,1.8182,3.1329,ok,
35,1,,2082957,2021/2/18 16:33:53,28.12,3.84,70.25,0.00,1018.61,1.8182,3.1329,ok,
36,1,,2144951,2021/2/18 16:34:55,28.12,3.85,70.37,0.00,1018.41,1.8182,3.1329,ok,
37,1,,2204654,2021/2/18 16:35:55,28.19,3.84,70.41,0.00,1018.02,1.8182,3.1378,ok,
38,1,,2266649,2021/2/18 16:36:57,28.19,3.84,70.38,0.00,1017.61,1.8133,3.1378,ok,
39,1,,2328645,2021/2/18 16:37:59,28.19,3.84,70.33,0.00,1017.26,1.8133,3.1378,ok,
40,1,,2390644,2021/2/18 16:39:1,28.19,3.85,70.26,0.00,1016.75,1.8133,3.1329,ok,
41,1,,2450347,2021/2/18 16:40:1,28.19,3.84,70.10,0.00,1016.14,1.8084,3.1329,ok,
42,1,,2512346,2021/2/18 16:41:3,28.19,3.84,69.84,0.00,1015.33,1.8035,3.1281,ok,
43,1,,2574352,2021/2/18 16:42:5,28.19,3.84,69.51,0.00,1014.53,1.8035,3.1183,ok,
44,1,,2634055,2021/2/18 16:43:5,28.19,3.84,69.02,0.00,1013.09,1.7986,3.1134,ok,
45,1,,2696044,2021/2/18 16:44:7,28.19,3.84,68.35,0.00,1011.79,1.7889,3.0987,ok,
46,1,,2758039,2021/2/18 16:45:9,28.19,3.84,67.66,0.00,1010.82,1.7840,3.0841,ok,
47,1,,2820027,2021/2/18 16:46:11,28.19,3.84,67.10,0.00,1010.47,1.7791,3.0743,ok,
48,1,,2879721,2021/2/18 16:47:11,28.19,3.84,66.72,0.00,1010.54,1.7791,3.0645,ok,
49,1,,2941708,2021/2/18 16:48:13,28.19,3.84,66.50,0.00,1010.80,1.7791,3.0547,ok,
50,1,,3003699,2021/2/18 16:49:15,28.19,3.84,66.36,0.00,1010.96,1.7742,3.0499,ok,
51,1,,3065688,2021/2/18 16:50:17,28.19,3.84,66.27,0.00,1011.33,1.7742,3.0401,ok,
52,1,,3125382,2021/2/18 16:51:17,28.19,3.84,66.28,0.00,1011.85,1.7742,3.0401,ok,
53,1,,3187371,2021/2/18 16:52:19,28.19,3.85,66.37,0.00,1012.54,1.7742,3.0352,ok,
54,1,,3249360,2021/2/18 16:53:21,28.19,3.84,66.46,0.00,1012.79,1.7742,3.0352,ok,
55,1,,3311343,2021/2/18 16:54:23,28.19,3.84,66.48,0.00,1012.99,1.7742,3.0303,ok,
56,1,,3371040,2021/2/18 16:55:23,28.19,3.85,66.49,0.00,1013.33,1.7742,3.0303,ok,
57,1,,3433023,2021/2/18 16:56:25,28.19,3.84,66.52,0.00,1013.70,1.7742,3.0254,ok,
58,1,,3495010,2021/2/18 16:57:27,28.19,3.84,66.51,0.00,1013.39,1.7742,3.0205,ok,
59,1,,3556999,2021/2/18 16:58:29,28.19,3.84,66.32,0.00,1012.89,1.7693,3.0156,ok,
60,1,,3616695,2021/2/18 16:59:29,28.19,3.84,66.04,0.00,1012.11,1.7644,3.0108,ok,
61,1,,3678676,2021/2/18 17:0:31,28.25,3.84,65.62,0.00,1011.24,1.7595,3.0010,ok,
62,1,,3740645,2021/2/18 17:1:33,28.25,3.83,65.13,0.00,1016.06,1.7546,2.9765,ok,
63,1,,3802621,2021/2/18 17:2:35,28.25,3.83,64.58,0.00,1015.88,1.7595,3.0108,ok,
64,2,***YES***,3809593,2021/2/18 17:2:42,28.25,3.83,64.52,0.00,1015.74,1.7595,3.0156,ok,
65,2,,3862406,2021/2/18 17:3:35,28.19,3.83,64.05,0.00,1014.76,1.7595,3.0596,ok,
66,2,,3924400,2021/2/18 17:4:37,28.25,3.83,63.53,0.00,1013.68,1.7644,3.0841,ok,
67,2,,3986396,2021/2/18 17:5:39,28.25,3.83,63.02,0.00,1012.73,1.7644,3.0841,ok,
68,2,,4046101,2021/2/18 17:6:39,28.25,3.83,62.55,0.00,1011.96,1.7644,3.0792,ok,
69,2,,4108094,2021/2/18 17:7:41,28.25,3.83,62.07,0.00,1011.21,1.7644,3.0645,ok,
70,2,,4170087,2021/2/18 17:8:43,28.25,3.83,61.59,0.00,1010.40,1.7595,3.0450,ok,
71,2,,4232085,2021/2/18 17:9:45,28.25,3.83,61.09,0.00,1009.58,1.7546,3.0254,ok,
72,2,,4291790,2021/2/18 17:10:45,28.25,3.83,60.61,0.00,1008.87,1.7498,3.0059,ok,
73,2,,4353784,2021/2/18 17:11:47,28.25,3.83,60.11,0.00,1008.31,1.7449,2.9814,ok,
74,2,,4415779,2021/2/18 17:12:49,28.25,3.83,59.66,0.00,1007.83,1.7449,2.9619,ok,
75,2,,4475489,2021/2/18 17:13:49,28.25,3.83,59.24,0.00,1007.42,1.7400,2.9423,ok,
76,2,,4537486,2021/2/18 17:14:51,28.25,3.83,58.88,0.00,1007.18,1.7351,2.9228,ok,
77,2,,4599488,2021/2/18 17:15:53,28.25,3.83,58.63,0.00,1007.38,1.7351,2.9032,ok,
78,2,,4661485,2021/2/18 17:16:55,28.25,3.83,58.49,0.00,1007.63,1.7351,2.8837,ok,
79,2,,4721188,2021/2/18 17:17:55,28.25,3.83,58.40,0.00,1007.94,1.7351,2.8739,ok,
80,2,,4783188,2021/2/18 17:18:57,28.25,3.83,58.45,0.00,1008.90,1.7351,2.8592,ok,
81,2,,4845185,2021/2/18 17:19:59,28.25,3.83,58.64,0.00,1009.64,1.7351,2.8495,ok,
82,2,,4904886,2021/2/18 17:20:59,28.25,3.83,58.83,0.00,1010.34,1.7351,2.8397,ok,
83,2,,4966887,2021/2/18 17:22:1,28.25,3.83,59.03,0.00,1010.94,1.7351,2.8299,ok,
84,2,,5028881,2021/2/18 17:23:3,28.25,3.83,59.16,0.00,1011.12,1.7351,2.8250,ok,
85,2,,5090881,2021/2/18 17:24:5,28.25,3.83,59.15,0.00,1011.06,1.7351,2.8152,ok,
86,2,,5150580,2021/2/18 17:25:5,28.25,3.83,59.12,0.00,1011.00,1.7302,2.8055,ok,
87,2,,5212579,2021/2/18 17:26:7,28.25,3.83,59.01,0.00,1010.78,1.7302,2.7957,ok,
88,2,,5274571,2021/2/18 17:27:9,28.25,3.83,58.76,0.00,1010.16,1.7253,2.7859,ok,
89,2,,5336567,2021/2/18 17:28:11,28.25,3.83,58.41,0.00,1009.66,1.7204,2.7713,ok,
90,2,,5396269,2021/2/18 17:29:11,28.25,3.83,58.09,0.00,1009.38,1.7155,2.7615,ok,
91,2,,5458288,2021/2/18 17:30:13,28.25,3.83,57.70,0.00,1008.75,1.7107,2.7468,ok,
92,2,,5520282,2021/2/18 17:31:15,28.25,3.83,57.28,0.00,1008.14,1.7107,2.7322,ok,
93,2,,5580000,2021/2/18 17:32:15,28.31,3.83,56.84,0.00,1007.60,1.7058,2.7175,ok,
94,2,,5641994,2021/2/18 17:33:17,28.25,3.83,56.37,0.00,1007.00,1.7009,2.7028,ok,
95,2,,5703989,2021/2/18 17:34:19,28.25,3.83,55.92,0.00,1006.61,1.6960,2.6882,ok,
96,2,,5763690,2021/2/18 17:35:19,28.25,3.83,55.48,0.00,1006.13,1.6911,2.6784,ok,
97,2,,5825687,2021/2/18 17:36:21,28.25,3.83,55.05,0.00,1005.67,1.6862,2.6637,ok,
98,2,,5887686,2021/2/18 17:37:23,28.31,3.83,54.64,0.00,1005.33,1.6862,2.6491,ok,
99,2,,5949674,2021/2/18 17:38:25,28.25,3.83,54.28,0.00,1005.16,1.6813,2.6344,ok,
100,2,,6009389,2021/2/18 17:39:25,28.25,3.83,53.98,0.00,1004.93,1.6764,2.6246,ok,
101,2,,6071391,2021/2/18 17:40:27,28.31,3.83,53.66,0.00,1004.73,1.6764,2.6149,ok,
102,2,,6133388,2021/2/18 17:41:29,28.31,3.83,53.35,0.00,1004.50,1.6716,2.6002,ok,
103,2,,6193089,2021/2/18 17:42:29,28.31,3.83,53.04,0.00,1004.27,1.6667,2.5904,ok,
104,2,,6255088,2021/2/18 17:43:31,28.31,3.83,52.73,0.00,1004.09,1.6667,2.5806,ok,
105,2,,6317083,2021/2/18 17:44:33,28.31,3.83,52.41,0.00,1003.92,1.6618,2.5660,ok,
106,2,,6379086,2021/2/18 17:45:35,28.31,3.83,52.11,0.00,1003.80,1.6569,2.5562,ok,
107,2,,6438788,2021/2/18 17:46:35,28.31,3.83,51.85,0.00,1003.76,1.6569,2.5464,ok,
108,2,,6500776,2021/2/18 17:47:37,28.31,3.83,51.58,0.00,1003.68,1.6520,2.5367,ok,
109,2,,6562762,2021/2/18 17:48:39,28.31,3.83,51.33,0.00,1003.63,1.6520,2.5269,ok,
110,2,,6624753,2021/2/18 17:49:41,28.31,3.83,51.09,0.00,1003.66,1.6471,2.5122,ok,
111,2,,6684453,2021/2/18 17:50:41,28.31,3.83,50.89,0.00,1003.73,1.6471,2.5024,ok,
112,2,,6746445,2021/2/18 17:51:43,28.31,3.83,50.68,0.00,1003.79,1.6422,2.4927,ok,
113,2,,6808428,2021/2/18 17:52:45,28.31,3.83,50.49,0.00,1003.96,1.6422,2.4878,ok,
114,2,,6870419,2021/2/18 17:53:47,28.31,3.83,50.32,0.00,1004.08,1.6373,2.4780,ok,
115,2,,6930115,2021/2/18 17:54:47,28.31,3.83,50.16,0.00,1004.22,1.6373,2.4682,ok,
116,2,,6992105,2021/2/18 17:55:49,28.31,3.83,50.02,0.00,1004.39,1.6373,2.4585,ok,
117,2,,7054085,2021/2/18 17:56:51,28.31,3.83,49.89,0.00,1004.69,1.6325,2.4536,ok,
118,2,,7116084,2021/2/18 17:57:53,28.31,3.83,49.78,0.00,1004.88,1.6325,2.4487,ok,
119,2,,7175782,2021/2/18 17:58:53,28.31,3.83,49.67,0.00,1005.02,1.6325,2.4389,ok,
120,2,,7237776,2021/2/18 17:59:55,28.31,3.83,49.52,0.00,1005.06,1.6276,2.4340,ok,
121,2,,7299767,2021/2/18 18:0:57,28.31,3.83,49.38,0.00,1005.16,1.6276,2.4291,ok,
122,2,,7361743,2021/2/18 18:1:59,28.31,3.83,49.21,0.00,1005.23,1.6227,2.4194,ok,
123,2,,7421425,2021/2/18 18:2:59,28.31,3.83,49.06,0.00,1016.40,1.6227,2.4047,ok,
124,2,,7483395,2021/2/18 18:4:1,28.31,3.83,48.90,0.00,1016.40,1.6276,2.4291,ok,
125,3,***YES***,7497228,2021/2/18 18:4:14,28.31,3.83,48.87,0.00,1016.26,1.6276,2.4536,ok,
126,3,,7545466,2021/2/18 18:5:3,28.31,3.83,48.77,0.00,1015.95,1.6276,2.5073,ok,
127,3,,7605169,2021/2/18 18:6:3,28.31,3.84,48.67,0.00,1015.69,1.6325,2.5513,ok,
128,3,,7667171,2021/2/18 18:7:5,28.31,3.83,48.57,0.00,1015.37,1.6373,2.5758,ok,
129,3,,7729166,2021/2/18 18:8:7,28.31,3.83,48.46,0.00,1015.03,1.6373,2.5855,ok,
130,3,,7788875,2021/2/18 18:9:7,28.31,3.83,48.34,0.00,1014.68,1.6373,2.5806,ok,
131,3,,7850872,2021/2/18 18:10:9,28.31,3.83,48.21,0.00,1014.37,1.6373,2.5709,ok,
132,3,,7912869,2021/2/18 18:11:11,28.31,3.84,48.08,0.00,1014.15,1.6373,2.5611,ok,
133,3,,7974874,2021/2/18 18:12:13,28.31,3.84,47.94,0.00,1013.87,1.6373,2.5464,ok,
134,3,,8034574,2021/2/18 18:13:13,28.31,3.84,47.82,0.00,1013.66,1.6325,2.5269,ok,
135,3,,8096576,2021/2/18 18:14:15,28.31,3.84,47.68,0.00,1013.50,1.6325,2.5122,ok,
136,3,,8158572,2021/2/18 18:15:17,28.31,3.84,47.55,0.00,1013.36,1.6325,2.4927,ok,
137,3,,8218277,2021/2/18 18:16:17,28.31,3.83,47.42,0.00,1013.18,1.6276,2.4780,ok,
138,3,,8280279,2021/2/18 18:17:19,28.31,3.83,47.30,0.00,1013.08,1.6276,2.4585,ok,
139,3,,8342282,2021/2/18 18:18:21,28.31,3.84,47.17,0.00,1012.99,1.6276,2.4438,ok,
140,3,,8404280,2021/2/18 18:19:23,28.31,3.83,47.04,0.00,1012.88,1.6227,2.4242,ok,
141,3,,8463982,2021/2/18 18:20:23,28.31,3.84,46.94,0.00,1012.81,1.6227,2.4096,ok,
142,3,,8525988,2021/2/18 18:21:25,28.31,3.84,46.83,0.00,1012.76,1.6227,2.3949,ok,
143,3,,8588026,2021/2/18 18:22:27,28.31,3.84,46.72,0.00,1012.74,1.6178,2.3851,ok,
144,3,,8647731,2021/2/18 18:23:27,28.31,3.84,46.62,0.00,1012.72,1.6178,2.3705,ok,
145,3,,8709732,2021/2/18 18:24:29,28.31,3.84,46.52,0.00,1012.72,1.6178,2.3558,ok,
146,3,,8771727,2021/2/18 18:25:31,28.31,3.84,46.43,0.00,1012.72,1.6129,2.3460,ok,
147,3,,8831430,2021/2/18 18:26:31,28.31,3.84,46.33,0.00,1012.74,1.6129,2.3363,ok,
148,3,,8893427,2021/2/18 18:27:33,28.31,3.84,46.25,0.00,1012.71,1.6129,2.3216,ok,
149,3,,8955423,2021/2/18 18:28:35,28.31,3.84,46.17,0.00,1012.70,1.6080,2.3118,ok,
150,3,,9017422,2021/2/18 18:29:37,28.31,3.84,46.09,0.00,1012.70,1.6080,2.3021,ok,
151,3,,9077129,2021/2/18 18:30:37,28.31,3.84,46.02,0.00,1012.76,1.6080,2.2923,ok,
152,3,,9139129,2021/2/18 18:31:39,28.31,3.84,45.95,0.00,1012.78,1.6031,2.2874,ok,
153,3,,9201130,2021/2/18 18:32:41,28.31,3.84,45.87,0.00,1012.85,1.6031,2.2776,ok,
154,3,,9260840,2021/2/18 18:33:41,28.31,3.84,45.80,0.00,1012.88,1.6031,2.2678,ok,
155,3,,9322839,2021/2/18 18:34:43,28.31,3.83,45.74,0.00,1012.92,1.6031,2.2630,ok,
156,3,,9384839,2021/2/18 18:35:45,28.31,3.84,45.68,0.00,1013.00,1.5982,2.2532,ok,
157,3,,9446837,2021/2/18 18:36:47,28.31,3.84,45.61,0.00,1013.01,1.5982,2.2483,ok,
158,3,,9506537,2021/2/18 18:37:47,28.31,3.84,45.55,0.00,1013.08,1.5982,2.2385,ok,
159,3,,9568537,2021/2/18 18:38:49,28.31,3.84,45.49,0.00,1013.12,1.5934,2.2336,ok,
160,3,,9630533,2021/2/18 18:39:51,28.31,3.84,45.44,0.00,1013.15,1.5934,2.2239,ok,
161,3,,9692536,2021/2/18 18:40:53,28.31,3.84,45.39,0.00,1013.15,1.5934,2.2190,ok,
162,3,,9752240,2021/2/18 18:41:53,28.31,3.84,45.33,0.00,1013.16,1.5934,2.2141,ok,
163,3,,9814244,2021/2/18 18:42:55,28.31,3.84,45.28,0.00,1013.31,1.5885,2.2092,ok,
164,3,,9876241,2021/2/18 18:43:57,28.31,3.84,45.23,0.00,1013.33,1.5885,2.2043,ok,
165,3,,9935947,2021/2/18 18:44:57,28.31,3.84,45.18,0.00,1013.37,1.5885,2.1994,ok,
166,3,,9997946,2021/2/18 18:45:59,28.31,3.84,45.13,0.00,1013.41,1.5885,2.1945,ok,
167,3,,10059948,2021/2/18 18:47:1,28.31,3.84,45.08,0.00,1013.48,1.5836,2.1896,ok,
168,3,,10121945,2021/2/18 18:48:3,28.31,3.84,45.04,0.00,1013.55,1.5836,2.1848,ok,
169,3,,10181644,2021/2/18 18:49:3,28.31,3.84,45.00,0.00,1013.62,1.5836,2.1750,ok,
170,3,,10243636,2021/2/18 18:50:5,28.31,3.84,44.96,0.00,1013.65,1.5836,2.1701,ok,
171,3,,10305630,2021/2/18 18:51:7,28.31,3.84,44.91,0.00,1013.77,1.5787,2.1652,ok,
172,3,,10367613,2021/2/18 18:52:9,28.31,3.84,44.87,0.00,1013.87,1.5787,2.1603,ok,
173,3,,10427310,2021/2/18 18:53:9,28.31,3.84,44.83,0.00,1013.88,1.5787,2.1554,ok,
174,3,,10489307,2021/2/18 18:54:11,28.31,3.85,44.80,0.00,1013.96,1.5787,2.1505,ok,
175,3,,10551299,2021/2/18 18:55:13,28.31,3.85,44.76,0.00,1014.04,1.5738,2.1457,ok,
176,3,,10610993,2021/2/18 18:56:13,28.31,3.84,44.73,0.00,1014.09,1.5738,2.1457,ok,
177,3,,10672988,2021/2/18 18:57:15,28.31,3.84,44.69,0.00,1014.13,1.5738,2.1408,ok,
178,3,,10734979,2021/2/18 18:58:17,28.31,3.84,44.66,0.00,1014.17,1.5738,2.1359,ok,
179,3,,10796973,2021/2/18 18:59:19,28.31,3.84,44.62,0.00,1014.24,1.5738,2.1310,ok,
180,3,,10856672,2021/2/18 19:0:19,28.31,3.84,44.59,0.00,1014.25,1.5689,2.1261,ok,
181,3,,10918658,2021/2/18 19:1:21,28.31,3.84,44.56,0.00,1014.32,1.5689,2.1212,ok,
182,3,,10980645,2021/2/18 19:2:23,28.31,3.84,44.53,0.00,1014.33,1.5689,2.1212,ok,
183,3,,11042625,2021/2/18 19:3:25,28.31,3.84,44.49,0.00,1014.37,1.5689,2.1163,ok,
184,3,,11104601,2021/2/18 19:4:27,28.31,3.84,44.46,0.00,1016.75,1.5640,2.1017,ok,
185,3,,11164281,2021/2/18 19:5:27,28.31,3.84,44.43,0.00,1016.70,1.5689,2.1017,ok,
186,4,***YES***,11182727,2021/2/18 19:5:45,28.31,3.84,44.42,0.00,1016.75,1.5689,2.1261,ok,
187,4,,11226364,2021/2/18 19:6:29,28.31,3.84,44.40,0.00,1016.63,1.5689,2.1457,ok,
188,4,,11286068,2021/2/18 19:7:29,28.31,3.84,44.37,0.00,1016.50,1.5689,2.1799,ok,
189,4,,11348066,2021/2/18 19:8:31,28.31,3.85,44.34,0.00,1016.37,1.5738,2.1994,ok,
190,4,,11410066,2021/2/18 19:9:33,28.31,3.85,44.31,0.00,1016.27,1.5738,2.2092,ok,
191,4,,11472058,2021/2/18 19:10:35,28.31,3.85,44.28,0.00,1016.15,1.5738,2.2190,ok,
192,4,,11531779,2021/2/18 19:11:35,28.31,3.85,44.24,0.00,1016.06,1.5738,2.2190,ok,
193,4,,11593780,2021/2/18 19:12:37,28.31,3.85,44.21,0.00,1016.02,1.5738,2.2190,ok,
194,4,,11655786,2021/2/18 19:13:39,28.31,3.85,44.18,0.00,1015.97,1.5738,2.2141,ok,
195,4,,11715487,2021/2/18 19:14:39,28.31,3.85,44.16,0.00,1015.92,1.5738,2.2092,ok,
196,4,,11777489,2021/2/18 19:15:41,28.31,3.85,44.14,0.00,1015.88,1.5738,2.1994,ok,
197,4,,11839491,2021/2/18 19:16:43,28.31,3.84,44.11,0.00,1015.85,1.5689,2.1945,ok,
198,4,,11901503,2021/2/18 19:17:45,28.31,3.85,44.09,0.00,1015.81,1.5689,2.1848,ok,
199,4,,11961209,2021/2/18 19:18:45,28.31,3.85,44.07,0.00,1015.79,1.5689,2.1799,ok,
200,4,,12023208,2021/2/18 19:19:47,28.31,3.85,44.05,0.00,1015.79,1.5689,2.1701,ok,
201,4,,12085211,2021/2/18 19:20:49,28.31,3.85,44.04,0.00,1015.74,1.5689,2.1603,ok,
202,4,,12144915,2021/2/18 19:21:49,28.31,3.84,44.02,0.00,1015.75,1.5689,2.1554,ok,
203,4,,12206915,2021/2/18 19:22:51,28.31,3.85,43.99,0.00,1015.70,1.5640,2.1457,ok,
204,4,,12268921,2021/2/18 19:23:53,28.31,3.85,43.97,0.00,1015.71,1.5640,2.1408,ok,
205,4,,12330919,2021/2/18 19:24:55,28.31,3.85,43.95,0.00,1015.64,1.5640,2.1310,ok,
206,4,,12390629,2021/2/18 19:25:55,28.31,3.85,43.92,0.00,1015.62,1.5640,2.1261,ok,
207,4,,12452633,2021/2/18 19:26:57,28.31,3.85,43.91,0.00,1015.60,1.5640,2.1163,ok,
208,4,,12514634,2021/2/18 19:27:59,28.31,3.85,43.88,0.00,1015.58,1.5591,2.1114,ok,
209,4,,12574344,2021/2/18 19:28:59,28.31,3.85,43.86,0.00,1015.56,1.5591,2.1065,ok,
210,4,,12636338,2021/2/18 19:30:1,28.31,3.85,43.85,0.00,1015.58,1.5591,2.1017,ok,
211,4,,12698344,2021/2/18 19:31:3,28.31,3.85,43.82,0.00,1015.51,1.5591,2.0919,ok,
212,4,,12760341,2021/2/18 19:32:5,28.31,3.85,43.80,0.00,1015.50,1.5591,2.0870,ok,
213,4,,12820045,2021/2/18 19:33:5,28.31,3.85,43.78,0.00,1015.51,1.5543,2.0821,ok,
214,4,,12882052,2021/2/18 19:34:7,28.31,3.85,43.75,0.00,1015.51,1.5543,2.0772,ok,
215,4,,12944053,2021/2/18 19:35:9,28.31,3.85,43.74,0.00,1015.49,1.5543,2.0723,ok,
216,4,,13003761,2021/2/18 19:36:9,28.31,3.85,43.71,0.00,1015.45,1.5543,2.0674,ok,
217,4,,13065757,2021/2/18 19:37:11,28.31,3.85,43.69,0.00,1015.46,1.5543,2.0626,ok,
218,4,,13127760,2021/2/18 19:38:13,28.31,3.85,43.67,0.00,1015.47,1.5543,2.0577,ok,
219,4,,13189756,2021/2/18 19:39:15,28.31,3.85,43.65,0.00,1015.44,1.5494,2.0528,ok,
220,4,,13249466,2021/2/18 19:40:15,28.31,3.85,43.63,0.00,1015.46,1.5494,2.0479,ok,
221,4,,13311463,2021/2/18 19:41:17,28.31,3.85,43.59,0.00,1015.45,1.5494,2.0430,ok,
222,4,,13373464,2021/2/18 19:42:19,28.31,3.85,43.58,0.00,1015.48,1.5494,2.0381,ok,
223,4,,13433174,2021/2/18 19:43:19,28.31,3.85,43.56,0.00,1015.50,1.5445,2.0381,ok,
224,4,,13495173,2021/2/18 19:44:21,28.25,3.85,43.54,0.00,1015.53,1.5445,2.0332,ok,
225,4,,13557177,2021/2/18 19:45:23,28.31,3.85,43.52,0.00,1015.54,1.5445,2.0283,ok,
226,4,,13619178,2021/2/18 19:46:25,28.31,3.85,43.50,0.00,1015.59,1.5445,2.0235,ok,
227,4,,13678881,2021/2/18 19:47:25,28.31,3.85,43.49,0.00,1015.60,1.5445,2.0235,ok,
228,4,,13740876,2021/2/18 19:48:27,28.31,3.85,43.46,0.00,1015.63,1.5445,2.0235,ok,
229,4,,13802881,2021/2/18 19:49:29,28.31,3.85,43.45,0.00,1015.64,1.5396,2.0186,ok,
230,4,,13862578,2021/2/18 19:50:29,28.25,3.85,43.43,0.00,1015.67,1.5396,2.0186,ok,
231,4,,13924569,2021/2/18 19:51:31,28.31,3.85,43.42,0.00,1015.70,1.5396,2.0137,ok,
232,4,,13986562,2021/2/18 19:52:33,28.25,3.85,43.40,0.00,1015.73,1.5396,2.0088,ok,
233,4,,14048551,2021/2/18 19:53:35,28.25,3.85,43.38,0.00,1015.74,1.5396,2.0088,ok,
234,4,,14108249,2021/2/18 19:54:35,28.25,3.85,43.36,0.00,1015.74,1.5396,2.0039,ok,
235,4,,14170240,2021/2/18 19:55:37,28.25,3.85,43.35,0.00,1015.78,1.5347,2.0039,ok,
236,4,,14232229,2021/2/18 19:56:39,28.25,3.85,43.33,0.00,1015.82,1.5347,1.9990,ok,
237,4,,14294216,2021/2/18 19:57:41,28.25,3.85,43.32,0.00,1015.85,1.5347,1.9990,ok,
238,4,,14353939,2021/2/18 19:58:41,28.25,3.85,43.31,0.00,1015.89,1.5347,1.9941,ok,
239,4,,14415927,2021/2/18 19:59:43,28.25,3.85,43.29,0.00,1015.84,1.5347,1.9941,ok,
240,4,,14477912,2021/2/18 20:0:45,28.25,3.85,43.29,0.00,1015.91,1.5298,1.9892,ok,
241,4,,14539904,2021/2/18 20:1:47,28.25,3.85,43.28,0.00,1015.94,1.5298,1.9844,ok,
242,4,,14599598,2021/2/18 20:2:47,28.25,3.85,43.27,0.00,1015.96,1.5298,1.9844,ok,
243,4,,14661586,2021/2/18 20:3:49,28.25,3.85,43.25,0.00,1015.96,1.5298,1.9795,ok,
244,4,,14723570,2021/2/18 20:4:51,28.25,3.85,43.24,0.00,1016.02,1.5298,1.9795,ok,
245,4,,14785540,2021/2/18 20:5:53,28.25,3.85,43.22,0.00,1017.04,1.5249,1.9697,ok,
246,4,,14847515,2021/2/18 20:6:55,28.25,3.85,43.21,0.00,1016.98,1.5298,1.9648,ok,
247,5,***YES***,14870529,2021/2/18 20:7:18,28.25,3.85,43.20,0.00,1016.98,1.5298,1.9844,ok,
248,5,,14907293,2021/2/18 20:7:55,28.25,3.85,43.19,0.00,1016.96,1.5298,1.9941,ok,
249,5,,14969289,2021/2/18 20:8:57,28.25,3.85,43.17,0.00,1016.88,1.5298,2.0137,ok,
250,5,,15031286,2021/2/18 20:9:59,28.25,3.85,43.16,0.00,1016.77,1.5298,2.0283,ok,
251,5,,15090987,2021/2/18 20:10:59,28.25,3.85,43.15,0.00,1016.72,1.5298,2.0381,ok,
252,5,,15152984,2021/2/18 20:12:1,28.25,3.85,43.14,0.00,1016.68,1.5298,2.0430,ok,
253,5,,15214983,2021/2/18 20:13:3,28.25,3.85,43.12,0.00,1016.63,1.5298,2.0479,ok,
254,5,,15274691,2021/2/18 20:14:3,28.25,3.85,43.10,0.00,1016.58,1.5298,2.0479,ok,
255,5,,15336688,2021/2/18 20:15:5,28.25,3.85,43.08,0.00,1016.56,1.5298,2.0479,ok,
256,5,,15398682,2021/2/18 20:16:7,28.25,3.85,43.08,0.00,1016.56,1.5298,2.0479,ok,
257,5,,15460678,2021/2/18 20:17:9,28.25,3.85,43.06,0.00,1016.52,1.5298,2.0430,ok,
258,5,,15520382,2021/2/18 20:18:9,28.25,3.86,43.04,0.00,1016.51,1.5298,2.0381,ok,
259,5,,15582381,2021/2/18 20:19:11,28.25,3.85,43.03,0.00,1016.49,1.5298,2.0381,ok,
260,5,,15644377,2021/2/18 20:20:13,28.25,3.85,43.02,0.00,1016.52,1.5298,2.0332,ok,
261,5,,15706375,2021/2/18 20:21:15,28.25,3.85,43.01,0.00,1016.49,1.5249,2.0283,ok,
262,5,,15766075,2021/2/18 20:22:15,28.25,3.85,43.00,0.00,1016.50,1.5249,2.0235,ok,
263,5,,15828074,2021/2/18 20:23:17,28.25,3.85,42.99,0.00,1016.54,1.5249,2.0186,ok,
264,5,,15890064,2021/2/18 20:24:19,28.25,3.86,42.98,0.00,1016.56,1.5249,2.0137,ok,
265,5,,15949770,2021/2/18 20:25:19,28.25,3.85,42.96,0.00,1016.53,1.5249,2.0088,ok,
266,5,,16011772,2021/2/18 20:26:21,28.25,3.86,42.95,0.00,1016.52,1.5249,2.0039,ok,
267,5,,16073769,2021/2/18 20:27:23,28.25,3.86,42.93,0.00,1016.53,1.5249,2.0039,ok,
268,5,,16135769,2021/2/18 20:28:25,28.25,3.86,42.93,0.00,1016.56,1.5200,1.9990,ok,
269,5,,16195469,2021/2/18 20:29:25,28.25,3.86,42.90,0.00,1016.52,1.5200,1.9941,ok,
270,5,,16257467,2021/2/18 20:30:27,28.25,3.86,42.91,0.00,1016.57,1.5200,1.9892,ok,
271,5,,16319468,2021/2/18 20:31:29,28.19,3.86,42.89,0.00,1016.54,1.5200,1.9844,ok,
272,5,,16381465,2021/2/18 20:32:31,28.19,3.85,42.88,0.00,1016.56,1.5200,1.9795,ok,
273,5,,16441170,2021/2/18 20:33:31,28.19,3.85,42.87,0.00,1016.53,1.5200,1.9795,ok,
274,5,,16503172,2021/2/18 20:34:33,28.19,3.85,42.86,0.00,1016.52,1.5152,1.9746,ok,
275,5,,16565168,2021/2/18 20:35:35,28.19,3.86,42.85,0.00,1016.56,1.5152,1.9697,ok,
276,5,,16624874,2021/2/18 20:36:35,28.19,3.86,42.83,0.00,1016.53,1.5152,1.9648,ok,
277,5,,16686872,2021/2/18 20:37:37,28.19,3.86,42.82,0.00,1016.51,1.5152,1.9648,ok,
278,5,,16748877,2021/2/18 20:38:39,28.19,3.86,42.82,0.00,1016.54,1.5152,1.9599,ok,
279,5,,16810880,2021/2/18 20:39:41,28.19,3.86,42.80,0.00,1016.50,1.5152,1.9550,ok,
280,5,,16870586,2021/2/18 20:40:41,28.19,3.86,42.80,0.00,1016.50,1.5152,1.9550,ok,
281,5,,16932585,2021/2/18 20:41:43,28.19,3.85,42.79,0.00,1016.49,1.5103,1.9501,ok,
282,5,,16994576,2021/2/18 20:42:45,28.19,3.86,42.79,0.00,1016.51,1.5103,1.9453,ok,
283,5,,17054284,2021/2/18 20:43:45,28.19,3.85,42.77,0.00,1016.51,1.5103,1.9453,ok,
284,5,,17116292,2021/2/18 20:44:47,28.19,3.85,42.76,0.00,1016.50,1.5103,1.9404,ok,
285,5,,17178293,2021/2/18 20:45:49,28.19,3.85,42.75,0.00,1016.50,1.5103,1.9404,ok,
286,5,,17240292,2021/2/18 20:46:51,28.19,3.85,42.73,0.00,1016.50,1.5103,1.9355,ok,
287,5,,17300000,2021/2/18 20:47:51,28.19,3.86,42.72,0.00,1016.54,1.5054,1.9355,ok,
288,5,,17361998,2021/2/18 20:48:53,28.19,3.86,42.72,0.00,1016.51,1.5054,1.9306,ok,
289,5,,17423993,2021/2/18 20:49:55,28.19,3.86,42.70,0.00,1016.50,1.5054,1.9306,ok,
290,5,,17483710,2021/2/18 20:50:55,28.19,3.86,42.70,0.00,1016.53,1.5054,1.9257,ok,
291,5,,17545701,2021/2/18 20:51:57,28.19,3.85,42.69,0.00,1016.52,1.5054,1.9257,ok,
292,5,,17607689,2021/2/18 20:52:59,28.19,3.85,42.68,0.00,1016.53,1.5054,1.9208,ok,
293,5,,17669676,2021/2/18 20:54:1,28.19,3.86,42.67,0.00,1016.60,1.5005,1.9208,ok,
294,5,,17729371,2021/2/18 20:55:1,28.19,3.85,42.66,0.00,1016.60,1.5005,1.9159,ok,
295,5,,17791358,2021/2/18 20:56:3,28.19,3.85,42.65,0.00,1016.62,1.5005,1.9159,ok,
296,5,,17853360,2021/2/18 20:57:5,28.19,3.86,42.64,0.00,1016.59,1.5005,1.9159,ok,
297,5,,17915353,2021/2/18 20:58:7,28.19,3.86,42.63,0.00,1016.63,1.5005,1.9110,ok,
298,5,,17975047,2021/2/18 20:59:7,28.19,3.86,42.63,0.00,1016.67,1.5005,1.9110,ok,
299,5,,18037040,2021/2/18 21:0:9,28.19,3.86,42.61,0.00,1016.65,1.4956,1.9062,ok,
300,5,,18099024,2021/2/18 21:1:11,28.19,3.86,42.61,0.00,1016.67,1.4956,1.9062,ok,
301,5,,18161014,2021/2/18 21:2:13,28.19,3.86,42.60,0.00,1016.68,1.4956,1.9062,ok,
302,5,,18220709,2021/2/18 21:3:13,28.19,3.86,42.60,0.00,1016.70,1.4956,1.9013,ok,
303,5,,18282698,2021/2/18 21:4:15,28.19,3.86,42.58,0.00,1016.72,1.4956,1.9013,ok,
304,5,,18344687,2021/2/18 21:5:17,28.19,3.86,42.58,0.00,1016.72,1.4956,1.9013,ok,
305,5,,18406668,2021/2/18 21:6:19,28.19,3.86,42.56,0.00,1016.73,1.4956,1.8964,ok,
306,5,,18468644,2021/2/18 21:7:21,28.12,3.86,42.56,0.00,1017.30,1.4907,1.8915,ok,
307,5,,18528326,2021/2/18 21:8:21,28.12,3.86,42.55,0.00,1017.24,1.4956,1.8817,ok,
308,6,***YES***,18558225,2021/2/18 21:8:50,28.19,3.86,42.55,0.00,1017.27,1.4956,1.9013,ok,
309,6,,18590404,2021/2/18 21:9:23,28.19,3.86,42.54,0.00,1017.25,1.4956,1.9062,ok,
310,6,,18652401,2021/2/18 21:10:25,28.12,3.86,42.54,0.00,1017.24,1.4956,1.9159,ok,
311,6,,18712111,2021/2/18 21:11:25,28.12,3.86,42.53,0.00,1017.23,1.4956,1.9208,ok,
312,6,,18774105,2021/2/18 21:12:27,28.12,3.86,42.52,0.00,1017.15,1.4956,1.9306,ok,
313,6,,18836111,2021/2/18 21:13:29,28.12,3.86,42.52,0.00,1017.18,1.4956,1.9355,ok,
314,6,,18895836,2021/2/18 21:14:29,28.12,3.86,42.53,0.00,1017.20,1.4956,1.9404,ok,
315,6,,18957837,2021/2/18 21:15:31,28.12,3.86,42.52,0.00,1017.15,1.4956,1.9404,ok,
316,6,,19019835,2021/2/18 21:16:33,28.12,3.86,42.52,0.00,1017.14,1.4956,1.9453,ok,
317,6,,19081836,2021/2/18 21:17:35,28.12,3.86,42.51,0.00,1017.14,1.4956,1.9453,ok,
318,6,,19141543,2021/2/18 21:18:35,28.12,3.86,42.50,0.00,1017.13,1.4956,1.9453,ok,
319,6,,19203534,2021/2/18 21:19:37,28.12,3.86,42.49,0.00,1017.07,1.4956,1.9453,ok,
320,6,,19265539,2021/2/18 21:20:39,28.12,3.86,42.49,0.00,1017.11,1.4907,1.9404,ok,
321,6,,19325244,2021/2/18 21:21:39,28.12,3.86,42.49,0.00,1017.09,1.4907,1.9404,ok,
322,6,,19387241,2021/2/18 21:22:41,28.12,3.86,42.48,0.00,1017.07,1.4907,1.9404,ok,
323,6,,19449239,2021/2/18 21:23:43,28.12,3.85,42.47,0.00,1017.05,1.4907,1.9355,ok,
324,6,,19511235,2021/2/18 21:24:45,28.12,3.86,42.46,0.00,1017.02,1.4907,1.9355,ok,
325,6,,19570939,2021/2/18 21:25:45,28.12,3.86,42.46,0.00,1017.02,1.4907,1.9306,ok,
326,6,,19632936,2021/2/18 21:26:47,28.12,3.86,42.45,0.00,1017.04,1.4858,1.9306,ok,
327,6,,19694937,2021/2/18 21:27:49,28.12,3.86,42.44,0.00,1017.00,1.4907,1.9257,ok,
328,6,,19754640,2021/2/18 21:28:49,28.12,3.86,42.44,0.00,1017.00,1.4858,1.9208,ok,
329,6,,19816635,2021/2/18 21:29:51,28.12,3.86,42.43,0.00,1016.97,1.4858,1.9208,ok,
330,6,,19878631,2021/2/18 21:30:53,28.12,3.86,42.42,0.00,1016.97,1.4858,1.9159,ok,
331,6,,19940632,2021/2/18 21:31:55,28.12,3.86,42.40,0.00,1016.98,1.4858,1.9159,ok,
332,6,,20000335,2021/2/18 21:32:55,28.12,3.86,42.40,0.00,1016.96,1.4858,1.9110,ok,
333,6,,20062338,2021/2/18 21:33:57,28.12,3.86,42.39,0.00,1016.95,1.4858,1.9110,ok,
334,6,,20124337,2021/2/18 21:34:59,28.12,3.86,42.38,0.00,1016.98,1.4858,1.9062,ok,
335,6,,20186336,2021/2/18 21:36:1,28.12,3.86,42.37,0.00,1016.98,1.4858,1.9013,ok,
336,6,,20246040,2021/2/18 21:37:1,28.12,3.86,42.37,0.00,1017.01,1.4809,1.9013,ok,
337,6,,20308035,2021/2/18 21:38:3,28.12,3.86,42.36,0.00,1017.05,1.4809,1.8964,ok,
338,6,,20370033,2021/2/18 21:39:5,28.12,3.86,42.35,0.00,1017.07,1.4809,1.8964,ok,
339,6,,20429741,2021/2/18 21:40:5,28.12,3.86,42.34,0.00,1017.06,1.4809,1.8915,ok,
340,6,,20491741,2021/2/18 21:41:7,28.12,3.86,42.35,0.00,1017.08,1.4809,1.8915,ok,
341,6,,20553742,2021/2/18 21:42:9,28.12,3.86,42.35,0.00,1017.08,1.4809,1.8915,ok,
342,6,,20615737,2021/2/18 21:43:11,28.06,3.86,42.35,0.00,1017.10,1.4809,1.8866,ok,
343,6,,20675440,2021/2/18 21:44:11,28.12,3.86,42.33,0.00,1017.07,1.4761,1.8866,ok,
344,6,,20737443,2021/2/18 21:45:13,28.12,3.86,42.32,0.00,1017.03,1.4761,1.8817,ok,
345,6,,20799449,2021/2/18 21:46:15,28.06,3.86,42.32,0.00,1017.07,1.4761,1.8817,ok,
346,6,,20859152,2021/2/18 21:47:15,28.06,3.86,42.31,0.00,1017.05,1.4761,1.8768,ok,
347,6,,20921148,2021/2/18 21:48:17,28.06,3.86,42.31,0.00,1017.07,1.4761,1.8768,ok,
348,6,,20983145,2021/2/18 21:49:19,28.06,3.86,42.30,0.00,1017.08,1.4761,1.8768,ok,
349,6,,21045143,2021/2/18 21:50:21,28.06,3.86,42.30,0.00,1017.10,1.4761,1.8719,ok,
350,6,,21104845,2021/2/18 21:51:21,28.06,3.86,42.30,0.00,1017.05,1.4712,1.8719,ok,
351,6,,21166842,2021/2/18 21:52:23,28.06,3.86,42.29,0.00,1017.04,1.4712,1.8719,ok,
352,6,,21228833,2021/2/18 21:53:25,28.06,3.86,42.28,0.00,1017.05,1.4712,1.8671,ok,
353,6,,21290825,2021/2/18 21:54:27,28.06,3.86,42.27,0.00,1017.05,1.4712,1.8671,ok,
354,6,,21350524,2021/2/18 21:55:27,28.06,3.86,42.26,0.00,1017.01,1.4712,1.8671,ok,
355,6,,21412510,2021/2/18 21:56:29,28.06,3.86,42.25,0.00,1017.05,1.4712,1.8622,ok,
356,6,,21474503,2021/2/18 21:57:31,28.06,3.86,42.23,0.00,1017.02,1.4712,1.8622,ok,
357,6,,21536499,2021/2/18 21:58:33,28.06,3.86,42.23,0.00,1017.07,1.4663,1.8622,ok,
358,6,,21596196,2021/2/18 21:59:33,28.06,3.86,42.23,0.00,1017.06,1.4663,1.8573,ok,
359,6,,21658187,2021/2/18 22:0:35,28.06,3.86,42.23,0.00,1017.12,1.4663,1.8573,ok,
360,6,,21720174,2021/2/18 22:1:37,28.06,3.86,42.22,0.00,1017.10,1.4663,1.8573,ok,
361,6,,21782160,2021/2/18 22:2:39,28.06,3.86,42.22,0.00,1017.08,1.4663,1.8573,ok,
362,6,,21841852,2021/2/18 22:3:39,28.06,3.86,42.22,0.00,1017.13,1.4663,1.8524,ok,
363,6,,21903844,2021/2/18 22:4:41,28.06,3.86,42.22,0.00,1017.11,1.4663,1.8524,ok,
364,6,,21965827,2021/2/18 22:5:43,28.06,3.86,42.21,0.00,1017.15,1.4663,1.8524,ok,
365,6,,22027811,2021/2/18 22:6:45,28.06,3.86,42.21,0.00,1017.12,1.4614,1.8524,ok,
366,6,,22089790,2021/2/18 22:7:47,28.06,3.86,42.21,0.00,1017.14,1.4614,1.8524,ok,
367,6,,22149473,2021/2/18 22:8:47,28.06,3.86,42.20,0.00,1017.13,1.4614,1.8524,ok,
368,6,,22211438,2021/2/18 22:9:49,28.06,3.87,42.21,0.00,1017.32,1.4614,1.8377,ok,
369,7,***YES***,22243634,2021/2/18 22:10:21,28.06,3.86,42.21,0.00,1017.37,1.4663,1.8573,ok,
370,7,,22273517,2021/2/18 22:10:51,28.06,3.86,42.20,0.00,1017.34,1.4614,1.8573,ok,
371,7,,22333220,2021/2/18 22:11:51,28.06,3.86,42.20,0.00,1017.31,1.4614,1.8622,ok,
372,7,,22395220,2021/2/18 22:12:53,28.06,3.86,42.20,0.00,1017.31,1.4614,1.8622,ok,
373,7,,22457218,2021/2/18 22:13:55,28.06,3.87,42.19,0.00,1017.27,1.4614,1.8671,ok,
374,7,,22519216,2021/2/18 22:14:57,28.00,3.86,42.18,0.00,1017.23,1.4614,1.8719,ok,
375,7,,22578920,2021/2/18 22:15:57,28.06,3.86,42.18,0.00,1017.22,1.4614,1.8768,ok,
376,7,,22640917,2021/2/18 22:16:59,28.06,3.86,42.17,0.00,1017.20,1.4614,1.8768,ok,
377,7,,22702915,2021/2/18 22:18:1,28.06,3.86,42.17,0.00,1017.22,1.4614,1.8768,ok,
378,7,,22762617,2021/2/18 22:19:1,28.00,3.86,42.16,0.00,1017.21,1.4614,1.8768,ok,
379,7,,22824615,2021/2/18 22:20:3,28.00,3.86,42.15,0.00,1017.17,1.4614,1.8768,ok,
380,7,,22886615,2021/2/18 22:21:5,28.00,3.87,42.15,0.00,1017.13,1.4614,1.8768,ok,
381,7,,22948608,2021/2/18 22:22:7,28.00,3.87,42.14,0.00,1017.12,1.4614,1.8768,ok,
382,7,,23008315,2021/2/18 22:23:7,28.00,3.87,42.14,0.00,1017.19,1.4565,1.8768,ok,
383,7,,23070307,2021/2/18 22:24:9,28.00,3.86,42.13,0.00,1017.17,1.4565,1.8768,ok,
384,7,,23132305,2021/2/18 22:25:11,28.06,3.86,42.12,0.00,1017.16,1.4565,1.8768,ok,
385,7,,23194306,2021/2/18 22:26:13,28.00,3.87,42.12,0.00,1017.19,1.4565,1.8768,ok,
386,7,,23254007,2021/2/18 22:27:13,28.00,3.87,42.11,0.00,1017.15,1.4565,1.8719,ok,
387,7,,23316035,2021/2/18 22:28:15,28.00,3.86,42.11,0.00,1017.18,1.4565,1.8719,ok,
388,7,,23378044,2021/2/18 22:29:17,28.00,3.86,42.10,0.00,1017.18,1.4565,1.8719,ok,
389,7,,23437749,2021/2/18 22:30:17,28.00,3.86,42.09,0.00,1017.18,1.4565,1.8671,ok,
390,7,,23499753,2021/2/18 22:31:19,28.00,3.86,42.08,0.00,1017.21,1.4516,1.8671,ok,
391,7,,23561744,2021/2/18 22:32:21,28.00,3.86,42.08,0.00,1017.21,1.4516,1.8671,ok,
392,7,,23621452,2021/2/18 22:33:21,28.00,3.86,42.08,0.00,1017.23,1.4516,1.8622,ok,
393,7,,23683454,2021/2/18 22:34:23,28.00,3.86,42.06,0.00,1017.20,1.4516,1.8622,ok,
394,7,,23745469,2021/2/18 22:35:25,28.00,3.86,42.07,0.00,1017.25,1.4516,1.8573,ok,
395,7,,23807470,2021/2/18 22:36:27,28.00,3.87,42.06,0.00,1017.28,1.4516,1.8573,ok,
396,7,,23867173,2021/2/18 22:37:27,28.00,3.86,42.05,0.00,1017.27,1.4516,1.8573,ok,
397,7,,23929175,2021/2/18 22:38:29,28.00,3.86,42.06,0.00,1017.27,1.4516,1.8524,ok,
398,7,,23991173,2021/2/18 22:39:31,28.00,3.86,42.05,0.00,1017.26,1.4516,1.8524,ok,
399,7,,24050876,2021/2/18 22:40:31,28.00,3.86,42.05,0.00,1017.29,1.4467,1.8475,ok,
400,7,,24112877,2021/2/18 22:41:33,28.00,3.87,42.05,0.00,1017.31,1.4467,1.8475,ok,
401,7,,24174875,2021/2/18 22:42:35,28.00,3.87,42.04,0.00,1017.33,1.4467,1.8475,ok,
402,7,,24236878,2021/2/18 22:43:37,28.00,3.86,42.05,0.00,1017.34,1.4467,1.8426,ok,
403,7,,24296579,2021/2/18 22:44:37,28.00,3.87,42.04,0.00,1017.33,1.4467,1.8426,ok,
404,7,,24358574,2021/2/18 22:45:39,28.00,3.87,42.04,0.00,1017.35,1.4467,1.8426,ok,
405,7,,24420570,2021/2/18 22:46:41,28.00,3.87,42.05,0.00,1017.37,1.4467,1.8377,ok,
406,7,,24482575,2021/2/18 22:47:43,28.00,3.87,42.04,0.00,1017.38,1.4418,1.8377,ok,
407,7,,24542279,2021/2/18 22:48:43,28.00,3.87,42.05,0.00,1017.37,1.4418,1.8377,ok,
408,7,,24604285,2021/2/18 22:49:45,28.00,3.87,42.04,0.00,1017.38,1.4418,1.8377,ok,
409,7,,24666274,2021/2/18 22:50:47,28.00,3.86,42.05,0.00,1017.39,1.4418,1.8328,ok,
410,7,,24725978,2021/2/18 22:51:47,28.00,3.86,42.04,0.00,1017.38,1.4418,1.8328,ok,
411,7,,24787977,2021/2/18 22:52:49,28.00,3.87,42.04,0.00,1017.34,1.4418,1.8328,ok,
412,7,,24849980,2021/2/18 22:53:51,28.00,3.87,42.03,0.00,1017.34,1.4418,1.8328,ok,
413,7,,24911971,2021/2/18 22:54:53,28.00,3.86,42.03,0.00,1017.40,1.4418,1.8280,ok,
414,7,,24971667,2021/2/18 22:55:53,28.00,3.86,42.03,0.00,1017.36,1.4418,1.8280,ok,
415,7,,25033655,2021/2/18 22:56:55,27.94,3.87,42.03,0.00,1017.36,1.4370,1.8280,ok,
416,7,,25095647,2021/2/18 22:57:57,27.94,3.87,42.02,0.00,1017.33,1.4370,1.8280,ok,
417,7,,25157636,2021/2/18 22:58:59,27.94,3.87,42.02,0.00,1017.35,1.4370,1.8231,ok,
418,7,,25217333,2021/2/18 22:59:59,27.94,3.86,42.02,0.00,1017.34,1.4370,1.8231,ok,
419,7,,25279321,2021/2/18 23:1:1,27.94,3.87,42.02,0.00,1017.35,1.4370,1.8231,ok,
420,7,,25341307,2021/2/18 23:2:3,27.94,3.87,42.01,0.00,1017.31,1.4370,1.8231,ok,
421,7,,25403294,2021/2/18 23:3:5,27.94,3.87,42.02,0.00,1017.34,1.4370,1.8182,ok,
422,7,,25462988,2021/2/18 23:4:5,27.94,3.87,42.02,0.00,1017.34,1.4321,1.8182,ok,
423,7,,25524972,2021/2/18 23:5:7,27.94,3.87,42.00,0.00,1017.34,1.4321,1.8182,ok,
424,7,,25586965,2021/2/18 23:6:9,27.94,3.87,42.00,0.00,1017.28,1.4321,1.8182,ok,
425,7,,25648956,2021/2/18 23:7:11,27.94,3.87,41.99,0.00,1017.31,1.4321,1.8182,ok,
426,7,,25710937,2021/2/18 23:8:13,27.94,3.87,41.98,0.00,1017.35,1.4321,1.8133,ok,
427,7,,25770626,2021/2/18 23:9:13,27.94,3.87,41.98,0.00,1017.34,1.4321,1.8133,ok,
428,7,,25832604,2021/2/18 23:10:15,27.94,3.87,41.97,0.00,1017.29,1.4321,1.8133,ok,
429,7,,25894582,2021/2/18 23:11:17,27.94,3.86,41.97,0.00,1017.60,1.4321,1.7986,ok,
430,8,***YES***,25931369,2021/2/18 23:11:53,27.94,3.87,41.96,0.00,1017.62,1.4321,1.8182,ok,
431,8,,25954367,2021/2/18 23:12:17,27.94,3.86,41.97,0.00,1017.62,1.4321,1.8182,ok,
432,8,,26016366,2021/2/18 23:13:19,27.94,3.87,41.95,0.00,1017.54,1.4272,1.8182,ok,
433,8,,26078364,2021/2/18 23:14:21,27.94,3.87,41.95,0.00,1017.58,1.4272,1.8182,ok,
434,8,,26140366,2021/2/18 23:15:23,27.94,3.87,41.95,0.00,1017.57,1.4272,1.8182,ok,
435,8,,26200071,2021/2/18 23:16:23,27.94,3.87,41.95,0.00,1017.54,1.4272,1.8182,ok,
436,8,,26262074,2021/2/18 23:17:25,27.94,3.87,41.94,0.00,1017.53,1.4272,1.8231,ok,
437,8,,26324069,2021/2/18 23:18:27,27.94,3.87,41.94,0.00,1017.50,1.4272,1.8231,ok,
438,8,,26383771,2021/2/18 23:19:27,27.94,3.87,41.94,0.00,1017.50,1.4272,1.8231,ok,
439,8,,26445773,2021/2/18 23:20:29,27.94,3.87,41.94,0.00,1017.49,1.4272,1.8231,ok,
440,8,,26507770,2021/2/18 23:21:31,27.94,3.87,41.93,0.00,1017.47,1.4272,1.8231,ok,
441,8,,26569772,2021/2/18 23:22:33,27.94,3.87,41.93,0.00,1017.44,1.4272,1.8231,ok,
442,8,,26629480,2021/2/18 23:23:33,27.94,3.87,41.92,0.00,1017.40,1.4272,1.8231,ok,
443,8,,26691481,2021/2/18 23:24:35,27.94,3.87,41.92,0.00,1017.41,1.4223,1.8231,ok,
444,8,,26753481,2021/2/18 23:25:37,27.94,3.87,41.92,0.00,1017.43,1.4223,1.8231,ok,
445,8,,26813191,2021/2/18 23:26:37,27.94,3.87,41.91,0.00,1017.43,1.4223,1.8231,ok,
446,8,,26875183,2021/2/18 23:27:39,27.94,3.87,41.90,0.00,1017.41,1.4223,1.8231,ok,
447,8,,26937184,2021/2/18 23:28:41,27.87,3.87,41.90,0.00,1017.41,1.4223,1.8231,ok,
448,8,,26999187,2021/2/18 23:29:43,27.94,3.87,41.90,0.00,1017.42,1.4223,1.8231,ok,
449,8,,27058893,2021/2/18 23:30:43,27.94,3.87,41.89,0.00,1017.37,1.4223,1.8231,ok,
450,8,,27120898,2021/2/18 23:31:45,27.87,3.87,41.89,0.00,1017.35,1.4174,1.8182,ok,
451,8,,27182893,2021/2/18 23:32:47,27.87,3.87,41.88,0.00,1017.33,1.4174,1.8182,ok,
452,8,,27244891,2021/2/18 23:33:49,27.87,3.87,41.87,0.00,1017.31,1.4174,1.8182,ok,
453,8,,27304598,2021/2/18 23:34:49,27.87,3.87,41.87,0.00,1017.34,1.4174,1.8182,ok,
454,8,,27366597,2021/2/18 23:35:51,27.87,3.87,41.86,0.00,1017.35,1.4174,1.8133,ok,
455,8,,27428600,2021/2/18 23:36:53,27.87,3.87,41.85,0.00,1017.32,1.4174,1.8133,ok,
456,8,,27488305,2021/2/18 23:37:53,27.87,3.87,41.85,0.00,1017.29,1.4174,1.8133,ok,
457,8,,27550302,2021/2/18 23:38:55,27.87,3.87,41.85,0.00,1017.31,1.4174,1.8133,ok,
458,8,,27612301,2021/2/18 23:39:57,27.87,3.86,41.84,0.00,1017.31,1.4174,1.8084,ok,
459,8,,27674296,2021/2/18 23:40:59,27.87,3.87,41.85,0.00,1017.32,1.4174,1.8084,ok,
460,8,,27734001,2021/2/18 23:41:59,27.87,3.87,41.84,0.00,1017.29,1.4125,1.8084,ok,
461,8,,27796006,2021/2/18 23:43:1,27.87,3.87,41.83,0.00,1017.28,1.4125,1.8035,ok,
462,8,,27858013,2021/2/18 23:44:3,27.87,3.87,41.83,0.00,1017.25,1.4125,1.8035,ok,
463,8,,27917715,2021/2/18 23:45:3,27.87,3.87,41.83,0.00,1017.22,1.4125,1.8035,ok,
464,8,,27979708,2021/2/18 23:46:5,27.87,3.87,41.82,0.00,1017.21,1.4125,1.8035,ok,
465,8,,28041713,2021/2/18 23:47:7,27.87,3.87,41.81,0.00,1017.20,1.4125,1.8035,ok,
466,8,,28103710,2021/2/18 23:48:9,27.87,3.87,41.80,0.00,1017.22,1.4076,1.7986,ok,
467,8,,28163421,2021/2/18 23:49:9,27.87,3.86,41.80,0.00,1017.15,1.4076,1.7986,ok,
468,8,,28225421,2021/2/18 23:50:11,27.87,3.87,41.78,0.00,1017.15,1.4076,1.7986,ok,
469,8,,28287417,2021/2/18 23:51:13,27.87,3.87,41.78,0.00,1017.17,1.4076,1.7937,ok,
470,8,,28347129,2021/2/18 23:52:13,27.87,3.87,41.77,0.00,1017.17,1.4076,1.7937,ok,
471,8,,28409128,2021/2/18 23:53:15,27.87,3.87,41.76,0.00,1017.15,1.4076,1.7937,ok,
472,8,,28471127,2021/2/18 23:54:17,27.87,3.87,41.76,0.00,1017.17,1.4076,1.7937,ok,
473,8,,28533127,2021/2/18 23:55:19,27.87,3.87,41.75,0.00,1017.17,1.4076,1.7889,ok,
474,8,,28592824,2021/2/18 23:56:19,27.87,3.87,41.74,0.00,1017.18,1.4027,1.7889,ok,
475,8,,28654810,2021/2/18 23:57:21,27.87,3.87,41.73,0.00,1017.17,1.4027,1.7889,ok,
476,8,,28716800,2021/2/18 23:58:23,27.87,3.87,41.73,0.00,1017.20,1.4027,1.7840,ok,
477,8,,28778788,2021/2/18 23:59:25,27.87,3.87,41.72,0.00,1017.24,1.4027,1.7840,ok,
